title,url,source,published,query,collected_at
Hürmüz Boğazı gerilimi : 2 bin gemi mahsur kaldı,https://mansethaber.com/dunya/kuresel-ticaret-kilitlendi-hurmuz-bogazinda-buyuk-kriz,mansethaber.com,20260516T170000Z,port closure supply risk,2026-05-20T05:42:27.244306
The California refinery crisis is a national security risk for America,https://wattsupwiththat.com/2026/05/12/the-california-refinery-crisis-is-a-national-security-risk-for-america-2/,wattsupwiththat.com,20260513T073000Z,port closure supply risk,2026-05-20T05:42:27.244321
نظرة على أداء السوق السعودي لهذا الأسبوع ( آراء محللين بالداخل ) ,https://www.argaam.com:443/ar/article/articledetail/id/1906277,argaam.com,20260516T141500Z,port closure supply risk,2026-05-20T05:42:27.244329
Oil prices rise as Iraq Hormuz shipments collapse amid conflict | Hellenic Shipping News Worldwide,https://www.hellenicshippingnews.com/oil-prices-rise-as-iraqs-hormuz-shipments-collapse-amid-conflict/,hellenicshippingnews.com,20260517T211500Z,port closure supply risk,2026-05-20T05:42:27.244332
"As clock ticks down for Ontario consumption sites , users fear they wont survive",https://www.chch.com/chch-news/as-clock-ticks-down-for-ontario-consumption-sites-users-fear-they-wont-survive/,chch.com,20260515T123000Z,port closure supply risk,2026-05-20T05:42:27.244334
"As clock ticks down for Ontario consumption sites , users fear they wont survive – Winnipeg Free Press",https://www.winnipegfreepress.com/arts-and-life/life/2026/05/15/as-clock-ticks-down-for-ontario-consumption-sites-users-fear-they-wont-survive,winnipegfreepress.com,20260515T083000Z,port closure supply risk,2026-05-20T05:42:27.244336
"As clock ticks down for Ontario consumption sites , users fear they wont survive",https://www.stcatharinesstandard.ca/news/ontario/as-clock-ticks-down-for-ontario-consumption-sites-users-fear-they-wont-survive/article_e9bb07fb-733a-566b-a8f6-0b41a7f045a8.html,stcatharinesstandard.ca,20260515T110000Z,port closure supply risk,2026-05-20T05:42:27.244338
"Consumption site closures spark fear , anger amongst some Ontarians",https://www.cbc.ca/news/canada/toronto/safe-consumption-fear-anger-funding-removal-ontario-9.7200610,cbc.ca,20260515T170000Z,port closure supply risk,2026-05-20T05:42:27.244341
Somali Pirates Demand $10M Ransom for Oil Tanker Hijacked Amid Hormuz Crisis  | Peak Oil News and Message Boards,https://peakoil.com/publicpolicy/somali-pirates-demand-10m-ransom-for-oil-tanker-hijacked-amid-hormuz-crisis,peakoil.com,20260515T030000Z,port closure supply risk,2026-05-20T05:42:27.244343
Nigeria Inflation Accelerates As Hormuz Oil Shock Ripples West,https://naija247news.com/frontpage/analysis-cover-story/nigeria-inflation-accelerates-as-hormuz-oil-shock-ripples-west/,naija247news.com,20260518T181500Z,port closure supply risk,2026-05-20T05:42:27.244345
Rick Rule Oil Rationing by Price : What It Means  | Peak Oil News and Message Boards,https://peakoil.com/production/rick-rule-oil-rationing-by-price-what-it-means,peakoil.com,20260516T064500Z,port closure supply risk,2026-05-20T05:42:27.244347
How Iran and China Drive Strategic Food Insecurity,https://smallwarsjournal.com/2026/05/19/weaponizing-supply-chains-iran-and-china-strategic-food-insecurity/,smallwarsjournal.com,20260519T081500Z,port closure supply risk,2026-05-20T05:42:27.244349
CMB . TECH announces Q1 2026 results | Hellenic Shipping News Worldwide,https://www.hellenicshippingnews.com/cmb-tech-announces-q1-2026-results/,hellenicshippingnews.com,20260520T003000Z,port closure supply risk,2026-05-20T05:42:27.244352
weekend news - Drone hits UAE nuclear plant as Iran war deadlock deepens,https://investinglive.com:443/news/weekend-news-drone-hits-uae-nuclear-plant-as-iran-war-deadlock-deepens-20260517/,investinglive.com,20260517T220000Z,port closure supply risk,2026-05-20T05:42:27.244354
"Israel and Lebanon agree to extend ceasefire by 45 days , US State Dept says",https://www.independent.ie/world-news/north-america/israel-and-lebanon-agree-to-extend-ceasefire-by-45-days-us-state-dept-says/a504808806.html,independent.ie,20260515T194500Z,port closure supply risk,2026-05-20T05:42:27.244356
2026 - 05 - 13 | ICL Reports First Quarter 2026 Results | NYSE : ICL,https://stockhouse.com/news/press-releases/2026/05/13/icl-reports-first-quarter-2026-results,stockhouse.com,20260513T090000Z,port closure supply risk,2026-05-20T05:42:27.244358
Continental Asia and the Rise of Portfolio Politics,https://carnegieendowment.org/research/2026/05/continental-asia-and-the-rise-of-portfolio-politics,carnegieendowment.org,20260520T010000Z,port closure supply risk,2026-05-20T05:42:27.244360
A Basic Assessment Of China  Dual Circulation  Strategy And The  Open Economy  – Analysis – Eurasia Review,https://www.eurasiareview.com/15052026-a-basic-assessment-of-chinas-dual-circulation-strategy-and-the-open-economy-analysis/,eurasiareview.com,20260515T011500Z,port closure supply risk,2026-05-20T05:42:27.244362
2026 - 05 - 14 | Euro Manganese Announces Positive Preliminary Economic Assessment | TSXV : EMN,https://stockhouse.com/news/press-releases/2026/05/14/euro-manganese-announces-positive-preliminary-economic-assessment,stockhouse.com,20260514T051500Z,port closure supply risk,2026-05-20T05:42:27.244364
"Поставки українського зерна за кордон скоротилися на 5 , 7 мільйона тонн",https://24tv.ua/agro24/postavki-ukrayinskogo-zerna-za-kordon-skorotilisya-57-milyona_n3068370,24tv.ua,20260515T084500Z,grain export Ukraine,2026-05-20T05:42:38.000373
В Україні падають ціни на ячмінь : причини та прогнози,https://delo.ua/news/v-ukrayini-vpali-cini-na-furaznii-yacmin-cerez-slabkii-popit-465748/,delo.ua,20260515T170000Z,grain export Ukraine,2026-05-20T05:42:38.000381
Частка української агропродукції в імпорті ЄС помітно знизилася,https://24tv.ua/agro24/chastka-ukrayinskoyi-agroproduktsiyi-importi-yes-pomitno-znizilasya_n3066868,24tv.ua,20260513T081500Z,grain export Ukraine,2026-05-20T05:42:38.000384
Кулеба порушив перед ІМО тему незаконно вивезеного українського зерна,https://www.ukrinform.ua/rubric-economy/4123422-kuleba-porusiv-pered-imo-temu-nezakonno-vivezenogo-ukrainskogo-zerna.html,ukrinform.ua,20260514T170000Z,grain export Ukraine,2026-05-20T05:42:38.000386
Псевдоміністру сільського господарства ЛНР дали 12 років за агроактиви,https://lb.ua/society/2026/05/14/738216_ministr_silskogo_gospodarstva.html,lb.ua,20260514T124500Z,grain export Ukraine,2026-05-20T05:42:38.000389
Доля украинской агропродукции в импорте ЕС заметно снизилась,https://24tv.ua/agro24/ru/dolja-ukrainskoj-agroprodukcii-v-importe-es-zametno-snizilas_n3066891,24tv.ua,20260513T090000Z,grain export Ukraine,2026-05-20T05:42:38.000391
Росія продає крадене зерно з України - як Київ бореться з цим в усьому світі,https://www.rbc.ua/rus/news/zernovi-viyni-k-rosiya-budue-prodovolchu-1779095707.html,rbc.ua,20260519T044500Z,grain export Ukraine,2026-05-20T05:42:38.000393
"A un día de la visita de Putin a Xi Jinping , un drone ruso impactó contra un carguero chino en el mar Negro",https://www.infobae.com/america/mundo/2026/05/18/a-un-dia-de-la-visita-de-putin-a-xi-jinping-un-drone-ruso-impacto-contra-un-carguero-chino-en-el-mar-negro/,infobae.com,20260518T131500Z,grain export Ukraine,2026-05-20T05:42:38.000395
СЗР отримала нові російські документи з оцінкою втрат від війни Зеленський,https://podrobnosti.ua/2515814-szr-otrimala-nov-rosjsk-dokumenti-z-otsnkoju-vtrat-vd-vjni-zelenskij.html,podrobnosti.ua,20260518T140000Z,grain export Ukraine,2026-05-20T05:42:38.000397
Гауляйтер окупованого Скадовська потрапив під удар дрона,https://uainfo.org/blognews/1779109419-gaulyayter-okupovanogo-skadovska-potrapiv-pid-udar-drona.html,uainfo.org,20260518T173000Z,grain export Ukraine,2026-05-20T05:42:38.000399
Стали відомі деталі 21 - го пакета санкцій ЄС,https://news.bigmir.net/ua/world/10354004-stali-vidomi-detali-21-go-paketa-sanktsij-jes,news.bigmir.net,20260515T181500Z,grain export Ukraine,2026-05-20T05:42:38.000401
Удари України по нафтових обʼєктах в Росії : Зеленський повідомив про результати,https://zaxid.net/udari_ukrayini_zmushuyut_rosiyski_naftovi_kompaniyi_zupinyati_sverdlovini_n1637343,zaxid.net,20260518T231500Z,grain export Ukraine,2026-05-20T05:42:38.000403
Стали відомі деталі 21 - го пакета санкцій ЄС,https://ua.korrespondent.net/world/4878948-staly-vidomi-detali-21-ho-paketa-sanktsii-yes,ua.korrespondent.net,20260515T180000Z,grain export Ukraine,2026-05-20T05:42:38.000405
The race to arm Ukraine highlights West worry of losing tech secrets,https://www.defensenews.com/global/europe/2022/06/08/the-race-to-arm-ukraine-highlights-wests-worry-of-losing-tech-secrets/,defensenews.com,20260514T130000Z,grain export Ukraine,2026-05-20T05:42:38.000407
صراع الوثائق والأقمار الصناعية .. هل تمول السوق الإسرائيلية آلة الحرب الروسية ؟ ,https://www.aljazeera.net/news/2026/5/17/%D9%87%D9%84-%D9%8A%D9%85%D9%88%D9%84-%D8%A7%D9%84%D8%B3%D9%88%D9%82-%D8%A7%D9%84%D8%A5%D8%B3%D8%B1%D8%A7%D8%A6%D9%8A%D9%84%D9%8A-%D8%A2%D9%84%D8%A9-%D8%A7%D9%84%D8%AD%D8%B1%D8%A8,aljazeera.net,20260517T193000Z,grain export Ukraine,2026-05-20T05:42:38.000409
"Ukraine war briefing : Chinese ship hit on way in to Odesa port , says Zelenskyy",https://www.theguardian.com/world/2026/may/19/ukraine-war-briefing-chinese-ship-hit-odesa-port-zelenskyy,theguardian.com,20260519T014500Z,grain export Ukraine,2026-05-20T05:42:38.000413
Зеленський доручив розвідці оприлюднити спроби РФ залучити світові компанії до виправлення кризової фінансової ситуації,https://interfax.com.ua/news/general/1168698.html,interfax.com.ua,20260518T131500Z,grain export Ukraine,2026-05-20T05:42:38.000415
Суд вынес приговор  министру сельского хозяйства ЛНР  ,https://korrespondent.net/ukraine/4878570-sud-vynes-pryhovor-mynystru-selskoho-khoziaistva-lnr,korrespondent.net,20260514T123000Z,grain export Ukraine,2026-05-20T05:42:38.000417
В Україні викрили схему передачі судна для тіньового флоту - українцю повідомили про підозру,https://www.obozrevatel.com/ukr/ekonomika-glavnaya/fea/ukrainets-dopomig-kupiti-sudno-dlya-tinovogo-flotu-rf-vikrito-tsinichnu-shemu-obhoda-sanktsij.htm,obozrevatel.com,20260514T120000Z,grain export Ukraine,2026-05-20T05:42:38.000419
"  Міністр сільського господарства ЛНР  отримав вирок за захоплення українських агроактивів на 3 , 1 млрд грн",https://vv.com.ua/20260514/ministr-silskogo-gospodarstva-lnr-otrimav-virok-za-zahoplennia-ykrayinskih-agroaktiviv-na-31-mlrd-grn/,vv.com.ua,20260514T111500Z,grain export Ukraine,2026-05-20T05:42:38.000421
Агро Перспектива,http://www.agroperspectiva.com/ru/news/199604,agroperspectiva.com,20260519T194500Z,grain export Ukraine,2026-05-20T05:42:38.000423
"Polska i Ukraina siadają do kluczowych rozmów o rolnictwie . W tle handel , embargo i wejście do UE","https://www.farmer.pl/prawo/przepisy-i-regulacje/polska-i-ukraina-siadaja-do-kluczowych-rozmow-o-rolnictwie-w-tle-handel-embargo-i-wejscie-do-ue,177552.html",farmer.pl,20260519T091500Z,grain export Ukraine,2026-05-20T05:42:38.000425
Ζελένσκι : Η Ρωσία προσπαθεί να εξαγάγει σιτηρά από την Κριμαία μέσω αμερικανικών εταιρειών,https://www.skaikritis.gr/zelenski-i-rosia-prospathei-na-exagagei-sitira-apo-tin-krimaia-meso-amerikanikon-etaireion/,skaikritis.gr,20260518T161500Z,grain export Ukraine,2026-05-20T05:42:38.000427
بحر قزوين ليس بديلاً لهرمز,https://www.albayan.ae/opinions/articles/1289000,albayan.ae,20260516T214500Z,grain export Ukraine,2026-05-20T05:42:38.000429
"Ministra de Exteriores británica advierte sobre crisis alimentaria por bloqueo de Ormuz – Periódico Zócalo | Noticias de Saltillo , Torreón , Piedras Negras , Monclova , Acuña",https://www.zocalo.com.mx/ministra-de-exteriores-britanica-advierte-sobre-crisis-alimentaria-por-bloqueo-de-ormuz/,zocalo.com.mx,20260520T010000Z,grain export Ukraine,2026-05-20T05:42:38.000431
Кім запропонував американському бізнесу інвестувати у порти та логістику Миколаєва,https://nikvesti.com/news/politics/318678-kim-zaproponuvav-amerykanskomu-biznesu-investuvaty-u-porty-ta-lohistyku-mykolaeva,nikvesti.com,20260520T051500Z,grain export Ukraine,2026-05-20T05:42:38.000433
Україна здобула внутрішні документи рф про їхні економічні втрати від війни . Що дізналися,https://portal.lviv.ua/news/2026/05/18/ukraina-zdobula-vnutrishni-dokumenty-rf-pro-ikhni-ekonomichni-vtraty-vid-vijny-shcho-diznalysia,portal.lviv.ua,20260518T141500Z,grain export Ukraine,2026-05-20T05:42:38.000435
Na ten report czekał cały rynek surowców rolnych . Pszenicy w united states będzie najmniej od 54 lat,"https://www.farmer.pl/produkcja-roslinna/na-ten-report-czekal-caly-rynek-surowcow-rolnych-pszenicy-w-usa-bedzie-najmniej-od-54-lat,177321.html",farmer.pl,20260514T083000Z,grain export Ukraine,2026-05-20T05:42:38.000437
BlackSeaNews | РФ скорочує кількість активних нафтових свердловин – Служби зовнішньої розвідки,https://www.blackseanews.net/read/244026,blackseanews.net,20260518T194500Z,grain export Ukraine,2026-05-20T05:42:38.000439
Αύξηση της τιμής σιτηρών 4 % το 2026 λόγω μείωσης παραγωγής και αποθεμάτων βλέπει η Παγκόσμια Τράπεζα,https://www.agronews.gr/eboreumata/229078/auxisi-tis-timis-sitiron-4-to-2026-logo/,agronews.gr,20260514T074500Z,grain export Ukraine,2026-05-20T05:42:38.000441
Битва за Україну . День тисяча п  ятсот сорок шостий,https://www.ukrinform.ua/rubric-ato/4125137-bitva-za-ukrainu-den-tisaca-patsot-sorok-sostij.html,ukrinform.ua,20260519T180000Z,grain export Ukraine,2026-05-20T05:42:38.000443
Удари дронів по РФ : пожежі на Тамані та в Ярославлі,https://rkm.kiev.ua/v-mire/249016/,rkm.kiev.ua,20260513T161500Z,grain export Ukraine,2026-05-20T05:42:38.000445
El impacto de la volatilidad internacional y el fenómeno El Niño mantiene los precios elevados del maíz en El Salvador,https://www.infobae.com/el-salvador/2026/05/14/el-impacto-de-la-volatilidad-internacional-y-el-fenomeno-el-nino-mantiene-los-precios-elevados-del-maiz-en-el-salvador/,infobae.com,20260514T234500Z,grain export Ukraine,2026-05-20T05:42:38.000447
Russian strike damages Ukraine Danube port as Moscow intercepts drones - Grenada Chronicle – Daily Grenada And Caribbean News,https://grenadachronicle.com/russian-strike-damages-ukraine-danube-port-as-moscow-intercepts-drones/,grenadachronicle.com,20260519T084500Z,grain export Ukraine,2026-05-20T05:42:38.000449
"Кремль боїться не лише зброї США , а й інвестицій – президент Американської торговельної палати в Україні",https://www.radiosvoboda.org/a/ukrayina-ssha-eknomika-viyna/33757822.html,radiosvoboda.org,20260516T154500Z,grain export Ukraine,2026-05-20T05:42:38.000453
Qlobal bazarlar qaynayır - Azərbaycan təsirdən kənarda qala biləcəkmi ? ,https://musavat.com/news/qlobal-bazarlar-qaynayir-azerbaycan-tesirden-kenarda-qala-bilecekmi_1260687.html,musavat.com,20260513T201500Z,grain export Ukraine,2026-05-20T05:42:38.000455
Ministra de Exteriores británica advierte sobre crisis alimentaria por bloqueo de Ormuz,https://lajornadasanluis.com.mx/ministra-de-exteriores-britanica-advierte-sobre-crisis-alimentaria-por-bloqueo-de-ormuz/,lajornadasanluis.com.mx,20260520T011500Z,grain export Ukraine,2026-05-20T05:42:38.000457
Reino Unido alerta de una inminente,https://www.radiomontecarlo.com.uy/articulos/articulos_masinfo.php?id=113312&secc=articulos&path=0.2292,radiomontecarlo.com.uy,20260519T183000Z,grain export Ukraine,2026-05-20T05:42:38.000459
" « Досі віддаю кредити за спалену у 2022 - му техніку », - фермер із Харківщини",https://www.ukrinform.ua/rubric-regions/4123325-dosi-viddau-krediti-za-spalenu-u-2022mu-tehniku-fermer-iz-harkivsini.html,ukrinform.ua,20260515T070000Z,grain export Ukraine,2026-05-20T05:42:38.000461
Китай купуватиме у США продовольства на мільярди щороку : ринки бурхливо відреагували,https://vv.com.ua/20260519/kitai-kypyvatime-y-ssha-prodovolstva-na-miliardi-shoroky-rinki-byrhlivo-vidreagyvali/,vv.com.ua,20260519T011500Z,grain export Ukraine,2026-05-20T05:42:38.000463
How the Iran conflict pushed Atlantic grain freight to a four - year high,https://www.fastmarkets.com/insights/how-the-iran-conflict-pushed-atlantic-grain-freight-to-a-four-year-high/,fastmarkets.com,20260515T110000Z,grain export Ukraine,2026-05-20T05:42:38.000465
Egypt New Delta Megaproject Signals Strategic Shift in Food Security and National Development,https://meobserver.org/nutrition/2026/05/18/egypts-new-delta-megaproject-signals-strategic-shift-in-food-security-and-national-development/,meobserver.org,20260518T120000Z,grain export Ukraine,2026-05-20T05:42:38.000467
Egypt President opens New Delta project to grow wheat in desert with  artificial river  ,https://www.thenationalnews.com/news/mena/2026/05/17/egypts-president-opens-new-delta-project-to-grow-wheat-in-desert-with-artificial-river/,thenationalnews.com,20260517T170000Z,grain export Ukraine,2026-05-20T05:42:38.000469
"Олексій Соболев в інтерв  ю РБК - Україна про бронювання , ФОПи та Енергоатом",https://www.rbc.ua/rus/news/zabronovani-pidpriemstva-generuyut-60-podatkiv-1778848190.html,rbc.ua,20260518T074500Z,grain export Ukraine,2026-05-20T05:42:38.000471
Investigimi i BIRN : Pas një rasti të dyshuar kontrabande në Shqipëri shfaqet  flota hije  e Kremlinit - Sot News,https://sot.com.al/aktualitet/investigimi-i-birn-pas-nje-rasti-te-dyshuar-kontrabande-ne-shqiperi-shfaqet-flota-hije-e-kremlinit/,sot.com.al,20260514T081500Z,grain export Ukraine,2026-05-20T05:42:38.000473
"Nafta kontrabandë në gjirin e Durrësit , si tentoi Rusia të anashkalonte sanksionet dhe financonte luftën",https://gijotina.com/kontrabande/,gijotina.com,20260514T080000Z,grain export Ukraine,2026-05-20T05:42:38.000475
Investigimi i BIRN : Pas një rasti të dyshuar kontrabande në Shqipëri shfaqet  flota hije  e Kremlinit,https://vna.al/kronika/investigimi-i-birn-pas-nje-rasti-te-dyshuar-kontrabande-ne-shqiperi-shfa-i23842,vna.al,20260514T080000Z,grain export Ukraine,2026-05-20T05:42:38.000477
Climate change : Our fragile world is being hammered by one crisis after another . It about to get worse,https://www.smh.com.au/environment/climate-change/our-fragile-world-is-being-hammered-by-one-crisis-after-another-it-s-about-to-get-worse-20260513-p5zwiq.html,smh.com.au,20260516T221500Z,grain export Ukraine,2026-05-20T05:42:38.000479
Climate change : Our fragile world is being hammered by one crisis after another . It about to get worse,https://www.theage.com.au/environment/climate-change/our-fragile-world-is-being-hammered-by-one-crisis-after-another-it-s-about-to-get-worse-20260513-p5zwiq.html,theage.com.au,20260516T201500Z,grain export Ukraine,2026-05-20T05:42:38.000481
Climate change : Our fragile world is being hammered by one crisis after another . It about to get worse,https://www.watoday.com.au/environment/climate-change/our-fragile-world-is-being-hammered-by-one-crisis-after-another-it-s-about-to-get-worse-20260513-p5zwiq.html,watoday.com.au,20260516T211500Z,grain export Ukraine,2026-05-20T05:42:38.000483
